gene,R2,nullR2,n,pearson_r,pearson_p,spearman_r,spearman_p
G_00000,0.12216232135917016,0.046782230347996105,363,-0.7375922933632975,0.14840497679590603,-0.9307153559225518,0.78386538980071
G_00001,0.09675653155596155,0.03748122819299008,357,-0.8439878240777676,0.750360590922655,0.1986914585523638,0.642346939367203
G_00002,0.21966601781458964,0.0711741471274845,68,-0.9056197901430936,0.7749763033641888,0.10135756864566292,0.1075805069585789
G_00003,0.1915540545532884,0.0058711493565191675,310,0.3801260614521442,0.45661280510288926,0.5627598238489746,0.30647767333218734
G_00004,0.16477407752596124,0.0002374899550654175,360,-0.08677018781782975,0.07437269928146828,-0.5655952066858012,0.2908424328599247
G_00005,0.00048205874672011537,0.025009567776057964,427,0.7586913818259378,0.224116690510186,-0.8903288029988026,0.5365551627421197
G_00006,0.12093150227735591,0.08858504413561522,109,-0.9370183895109079,0.03268637449633971,0.2718484155770067,0.6518448962809922
G_00007,0.5547373266637949,0.09027555960039485,334,-0.3660429559344134,0.048880739109696925,-0.7828373120959884,0.0661402111660978
G_00008,0.4777303036391251,0.048744144948085634,31,-0.9558521276471246,0.4256361533180494,-0.42283080973988385,0.7425678277773538
G_00009,0.5936601844822507,0.014425604181979135,56,0.36830174188503384,0.8478439729247431,-0.10529653766624558,0.7489984923799925
G_00010,0.10687968805920602,0.06816485995529768,252,0.15227952077871376,0.8780278830640355,-0.6822766241557578,0.4970746884062943
G_00011,0.20104800118454788,0.07610770667559436,459,0.8871692602134562,0.6346685259544067,0.015217169449210699,0.3448131431475494
G_00012,0.4868993381394733,0.05033353047109578,161,-0.4312367052202073,0.8261247633182877,0.8131155998601296,0.4426981329047557
G_00013,0.11094581954284712,0.006714312057868499,357,-0.36564596682942385,0.08528864321672835,0.5094873854573345,0.8823884329059803
G_00014,0.31671272784275195,0.05471152501196819,244,0.007002979011025756,0.7984851084666388,-0.9630730092330801,0.6732117609112409
G_00015,0.4345235345794091,0.06879892670612146,427,-0.875836038174866,0.43504861163711417,0.30701561720373705,0.5531156758022306
G_00016,0.3492505044235372,0.030645871394816393,314,-0.26429651406651833,0.5933915385206562,-0.6449029144361222,0.1631310403319448
G_00017,0.2983113861969142,0.044987318745456785,62,0.6187534622823949,0.8233823822389783,-0.6182712367571219,0.8578385395028698
G_00018,0.2917898677169819,0.06073172944589255,91,-0.6888726917882952,0.23473512862153856,-0.24727569650649683,0.6557744011802992
G_00019,0.38486810772446645,0.08916685775386514,111,-0.7250481965821569,0.496222967110852,0.5426461626869599,0.7281512363283126
G_00020,0.3905936604845984,0.09473965239884122,74,-0.7936606474635954,0.05029599012015418,-0.7250866796567688,0.0891045892220963
G_00021,0.27376138427087465,0.013705105305678734,388,0.06321140024244554,0.7751136678324843,0.12673853955882453,0.4651275066351944
G_00022,0.32458949886765126,0.08950883609894028,494,0.04373333787813194,0.1391716453018752,-0.450328940418391,0.48286040836437427
G_00023,0.5929767371436703,0.02914660357916714,314,-0.5006762860056786,0.04043700866113098,0.09204489924978909,0.6720433917049015
G_00024,0.30085484326061923,0.06617907810853772,170,0.07878957856785851,0.3937503349225495,0.6013272721518479,0.7962952214072918
G_00025,0.5149404566083757,0.0019812234529809737,327,0.069227412634288,0.24837570835985356,0.37007214221209894,0.1944035895047499
G_00026,0.422502668358411,0.06173820658195015,23,-0.266114820758216,0.723060522009522,-0.7716465821744316,0.5106008310385354
G_00027,0.10040227025113935,0.05430873028855048,253,0.5794284639116276,0.4402796597161516,0.6082030129176637,0.07938658183675462
G_00028,0.2027831816549554,0.026096523529778995,85,-0.42821665448380286,0.6608060688733528,0.7801751420276999,0.5085083282020603
G_00029,0.14815765364814806,0.07401395042694128,65,0.5874809788980428,0.633283318985946,0.5484964431820973,0.43944280213325737
G_00030,0.5037163356768689,0.08733913049163787,265,-0.5207307472941927,0.48645980899877117,0.16916236928605644,0.8906054071552972
G_00031,0.10971367136815986,0.05995053962770785,78,0.8743245732576381,0.9473454367276113,0.4833185437309775,0.644681173224326
G_00032,0.05985085471331472,0.09933263476368731,223,0.8534800914693956,0.9506993179358313,0.8625185900837016,0.482282907588644
G_00033,0.3712898624908512,0.013759674896728292,114,-0.01937099855580393,0.9859831334477754,0.09505770036553662,0.7597964028011767
G_00034,0.4019552998011518,0.023169934141776996,94,0.7053612396719855,0.17576207641313257,0.516080428083469,0.742366391461457
G_00035,0.3176000141996694,0.061555082323411885,459,-0.5077117819815136,0.49763540238546233,-0.11769636884653156,0.21341076316682894
G_00036,0.08592150424619273,0.060286219304326906,289,0.9697576074312206,0.03815413995229566,-0.44437376993377,0.05855416184459483
G_00037,0.35051214695210364,0.05418814972069857,479,0.5651498313628616,0.582365407484976,0.7478590077288909,0.9901399175887834
G_00038,0.2719836493494033,0.031077783340163846,420,0.44459250198086386,0.7247331890348304,0.5854587175119681,0.8574002667251319
G_00039,0.45943213576966446,0.03767727407622902,334,0.5469959139198974,0.1987669263855799,0.58405504128931,0.8979029910571443
G_00040,0.5295709548910693,0.04188724734297006,469,-0.6527566812506203,0.5248863758992239,-0.3322213446319602,0.33702357362947566
G_00041,0.5581885870130349,0.01793535424136631,275,0.17759349744903874,0.04487680635567015,0.638221079008584,0.74046753271069
G_00042,0.48022730363047306,0.004847479932984356,348,0.6337595345654754,0.6352927002444754,-0.35327258084915947,0.9600079334018117
G_00043,0.3974025547623677,0.03325656674101351,468,-0.21803481692021087,0.6902032225269389,0.26820119866196634,0.7797817766742375
G_00044,0.3849641710851849,0.0075581107816825146,127,-0.02122824250132105,0.3097537951262124,-0.2503900619124402,0.2191893749843672
G_00045,0.26812169503856986,0.0901042978107739,184,-0.7051696295845602,0.3725775919576926,0.4810725304462802,0.8276419180351866
G_00046,0.5636654546587331,0.07934535226006645,422,-0.546105709749301,0.9004991919395835,0.8791838248523194,0.9903956455799209
G_00047,0.507448119078348,0.01357667313170241,462,-0.7259986339261786,0.6781843492382146,-0.21008252943072403,0.006259267416028114
G_00048,0.10891472078946086,0.003300294380043112,315,-0.9439094985045653,0.1132830502979949,0.4037636491922505,0.2737990673156683
G_00049,0.21414953442811735,0.007990165486958434,141,-0.02937814167705599,0.6938424129373151,-0.8910339383635393,0.8530849667476
G_00050,0.280816380703322,0.055958063151155035,67,-0.14991070874837553,0.4026041683346292,0.2435511124873746,0.13846255973719324
G_00051,0.13762066982594406,0.006128172625890049,97,-0.07036634360888927,0.04483316052460373,0.15870396243596696,0.6739940764178444
G_00052,0.5851039727707843,0.08535811803383742,319,0.28865326773433275,0.8999914890381573,-0.05568529527153854,0.7959000913647346
G_00053,0.25455506911661413,0.04930423693100627,200,0.017397884437784228,0.723269363425143,0.4064262880874565,0.12341476846862298
G_00054,0.5128917718803612,0.09558153472950975,197,0.5477879394599032,0.2556500439305346,-0.409819018450281,0.6615689400182945
G_00055,0.578300076249825,0.007990023530956692,196,0.6077986786919638,0.877639062921104,-0.26692950848341357,0.3724104547835543
G_00056,0.03226305151613076,0.03922559381816185,419,-0.5177146872782965,0.7657845381441258,0.8862872436313494,0.5797089146531466
G_00057,0.10895900424832054,0.08215474728486913,254,0.2929197477230887,0.6834067107044883,-0.7576400943288482,0.8158962406260138
G_00058,0.4023514868756383,0.0875814310350909,465,-0.2554804862443647,0.4703352516075332,0.4507258002844494,0.31777263962672053
G_00059,0.4657362881376371,0.0429021525542078,37,-0.7273172591727595,0.6010358883521222,-0.014026376462097145,0.7075334707114754
G_00060,0.10797425240292928,0.052235806309082346,91,0.06931399811376093,0.6582476915969824,-0.372497037377431,0.5169424748281948
G_00061,0.586870120509345,0.06810593520290387,181,-0.14345473862026736,0.5407943908197512,-0.5441385613105758,0.8429243724463329
G_00062,0.29040524821567604,0.06474759781330545,320,-0.2131110964848255,0.7507905898668584,-0.6634352986538568,0.6697950538540913
G_00063,0.5842712001321808,0.07724434566839344,263,0.8761101339345057,0.30379718233965736,0.3149794328005311,0.8728388527721572
G_00064,0.4899250696829939,0.09539589692556291,293,-0.31322150755378164,0.40081730561266204,0.12351823657993566,0.1399471647987639
G_00065,0.2601419054548203,0.006566897507081304,411,-0.9051963632955984,0.9264854424298264,-0.7985673422115882,0.07734730544811519
G_00066,0.41940225753313426,0.049741172799283,248,0.7745009472032978,0.29291175475326725,0.07896098590784706,0.17924804838936914
G_00067,0.5855436306664408,0.01774121519944304,196,-0.9126171830770213,0.575474128885857,-0.31060993625241196,0.45601403781355865
G_00068,0.3261198022711029,0.021994646492581173,57,-0.454788910780086,0.17197576753814503,-0.582949499199406,0.26384757057499064
G_00069,0.48493477862393036,0.028948216427688814,410,-0.18750112685833575,0.1933690902533881,0.5501068534092979,0.829808328432
G_00070,0.10867593976294938,0.03588038560258945,284,0.12024082609357944,0.7859348035087868,-0.16845884902498875,0.7979255982503776
G_00071,0.06128656358112745,0.06127406515832095,280,0.4742449035944043,0.18185357670345526,0.23857578071711782,0.7860016960854286
G_00072,0.5750826717965621,0.03377936829509487,92,0.25655911101140605,0.6717316257730267,0.8054645483788376,0.34707983177110324
G_00073,0.01418579999266638,0.044322195276217426,238,0.6695593186726259,0.2214651402887915,0.9584377150901999,0.581388070231963
G_00074,0.25745545343351567,0.025508191084370847,340,0.26694058516637664,0.8751533289162026,-0.03165687430089825,0.29047508841715763
G_00075,0.11074272143959107,0.012490507044711508,430,-0.9534596078631954,0.5531451829676619,-0.8117015197720532,0.048153666800605066
G_00076,0.27499598602880937,0.005298800835079654,426,0.8228451441631028,0.32236110226978243,0.17969530712217785,0.538398136429193
G_00077,0.16763319915010108,0.08903018555465413,95,-0.3456337577181017,0.3430088043857885,-0.389706997554353,0.9443309428488623
G_00078,0.4785734798738682,0.01164025307801615,104,0.25538548901137226,0.6968073360322502,0.9413647859056755,0.8978721552648182
G_00079,0.1881297865692501,0.04044772905585231,492,0.1596266411049303,0.2810123977209049,0.5916367654778942,0.8863455664697244
G_00080,0.005850492467681922,0.04169361887745954,48,-0.6866406516717447,0.7454660511411468,-0.34184552497294374,0.955291219584612
G_00081,0.14910093333741958,0.061378415102790164,365,0.8629985447179473,0.8968139052912371,0.7586847927056175,0.03832153675017058
G_00082,0.459253186899183,0.07747191705729989,443,0.6663076745623573,0.3562687075947437,0.6149389884673087,0.9991590025487339
G_00083,0.09282885559639616,0.01863560689551255,325,-0.6665050988362431,0.8779279531833845,0.07223398278046256,0.14535767840212843
G_00084,0.02924635062616978,0.09681678789237753,385,-0.019922502871230208,0.06405198569571735,0.875337384373567,0.532670309007025
G_00085,0.3326406368233587,0.04473670518322303,413,0.6924279974348653,0.6145168562455573,0.5371186526223792,0.16508795003391652
G_00086,0.518210251215339,0.09095872203945962,46,-0.867214302956121,0.3849373394316141,0.4375732869865758,0.4454811894628441
G_00087,0.4557595096228691,0.011767879256011506,482,0.42668464129691186,0.6621826179485139,-0.5335487422998553,0.5986024768821213
G_00088,0.12003322482880949,0.01889171036320595,254,-0.21786474342487439,0.13757011095511873,0.0552681175437062,0.7449581397972835
G_00089,0.007090261152370946,0.03079708408645564,300,-0.6957378406283496,0.2343630621520849,0.30213690974291474,0.07599286734769328
G_00090,0.23268135292764772,0.07624450867097217,85,-0.26210962788930114,0.6130841215375427,-0.6312672486307493,0.12922902703609007
G_00091,0.03387401329272681,0.05164957409429084,120,0.3708480011276847,0.2574140540455413,0.7046973296609231,0.2148369092837592
G_00092,0.05045162223411528,0.05640954387900581,301,0.6705715258083791,0.3702038021628298,0.8478569997160388,0.012450956682539371
G_00093,0.30637282361654444,0.07787889835615525,485,0.8760539875726134,0.3955339891854369,0.5847327568323573,0.40522418495013857
G_00094,0.277584789056035,0.09631449247295616,257,0.4023692821891809,0.0009912635788715818,0.30981347618843436,0.8147604090128787
G_00095,0.3679288491423721,0.05779491882949877,351,-0.39259968065921513,0.018037440502592816,-0.37027664256616966,0.2573845671929279
G_00096,0.1529793591205345,0.08650283490677409,394,0.5017823391066811,0.31368944700837487,0.466734910792713,0.09505437161965091
G_00097,0.37715158026295964,0.005089777356372016,29,0.33553530287783606,0.0894456308511935,0.4083319060912809,0.7113045488970784
G_00098,0.18810328371571075,0.09821185211643339,42,0.3715016527046213,0.13645249853188934,-0.4271830715672513,0.46255427633741675
G_00099,0.38432212676122124,0.07169564446910791,344,-0.24137906569391165,0.7187791330893809,-0.24190684502448212,0.300266875091021
G_00100,0.24802446634942588,0.01245626711276937,136,0.06279343187638231,0.3962785358319423,0.1667873880799704,0.36222945001123974
G_00101,0.5460471194297591,0.07279855008078596,142,0.38441351067359797,0.9929878435461332,0.6821788868943237,0.9621546849573684
G_00102,0.2060753208892884,0.08796708984979817,230,0.72375870903499,0.9298942872464409,0.7328924298633575,0.2077005987491053
G_00103,0.5405809288230311,0.05506449882115604,102,-0.8701235668220442,0.8795722517079969,0.5752633055175957,0.12920322288683495
G_00104,0.5366437802071298,0.025274506561925994,482,-0.0030051900874856763,0.3984977734768663,0.6734011753613629,0.401152667912994
G_00105,0.5577345327786088,0.03281852067059384,349,-0.9570879979421099,0.5055033654370671,-0.6941489082040244,0.13432085872196087
G_00106,0.5142427140320273,0.08078825219766328,326,0.35961282087935875,0.4333429951398553,-0.43619542145767065,0.5335819942559933
G_00107,0.19570521077478314,0.004121698469920843,183,0.5894387566648274,0.8344689159318703,-0.5993664203212632,0.5945233976040872
G_00108,0.19537059177410346,0.09790151405733526,347,-0.19649951681792444,0.1451165010952855,-0.6033337735723623,0.9132940950200549
G_00109,0.41493228585009045,0.08784787138072153,369,0.2297335064035979,0.9540716218949706,-0.443347187296655,0.6524024605321229
G_00110,0.39179113595181303,0.05842573704306101,304,0.006402385537336963,0.33600897811415675,-0.5975320027866919,0.2313666240845511
G_00111,0.114912451648438,0.004497624428294678,379,-0.8281191302574178,0.08400004637227299,-0.7346823815213603,0.870874285340657
G_00112,0.42650628655838835,0.011725344543803385,469,0.26806213744434104,0.6893226128451796,-0.6629584205042749,0.13171672466963713
G_00113,0.20399184154294764,0.08754451006768278,245,-0.34828422393817604,0.8997343635747249,-0.32275514800273886,0.35824330817090366
G_00114,0.32974870411166807,0.07309209905274444,63,0.9812486883449483,0.9192569286808153,0.18695819124266078,0.08298465792826581
G_00115,0.3422031826741153,0.09889106070697314,422,-0.813476748767878,0.9084265889134006,0.1638596659743763,0.23822768395448346
G_00116,0.007881394122721264,0.02373066923427987,400,-0.22068348216513423,0.7742525488188515,-0.004740289798861541,0.19853469503107857
G_00117,0.5804360727587504,0.09776026054925954,223,-0.7296595468356224,0.7235412856091051,-0.47148181840421133,0.8595443839139503
G_00118,0.15008684982631795,0.025508882450918303,54,0.3780106337078135,0.5088432523059625,0.5054606602351308,0.18020256214885366
G_00119,0.28357611635421537,0.006424002737304113,472,-0.3249295800431109,0.21980020545438372,0.3112668815678228,0.44122173490620475
G_00120,0.44378266077674516,0.018406401774908432,377,-0.4984072566176805,0.04640882910564481,0.491164728911335,0.3918304927697077
G_00121,0.29186648645267854,0.07815471932904677,310,-0.585989877616637,0.05459462297958584,-0.2825073637666491,0.555101947528547
G_00122,0.34154146890272186,0.06210617336866421,434,-0.6619988552658176,0.6963820193390693,0.29246846526247716,0.1884002963101048
G_00123,0.5646088808345169,0.05794750427179418,235,-0.8761290604902119,0.06437963668376256,-0.262892148995592,0.8970292159244809
G_00124,0.5623531198387426,0.04195038403759813,130,-0.283899668950486,0.00682251977504833,0.5720473524836354,0.1655749822002106
G_00125,0.016126890290042283,0.006871314175971754,411,-0.06323032550184804,0.19736836745783193,-0.1535848010621752,0.4005357991748283
G_00126,0.02082254495599878,0.04102313488570697,418,0.9851433834737384,0.965773823478928,0.2613715218060908,0.4165762172529047
G_00127,0.4667212380811854,0.004613658292115775,179,-0.5255007540960064,0.7501801691519006,0.5523559333553598,0.6319950502545358
G_00128,0.35674210968141157,0.026799906320878055,427,-0.2502529180469719,0.5993471522906317,-0.4672608184308227,0.8320260872861269
G_00129,0.5746988132034133,0.022880965093504447,321,0.46698062526548023,0.3346621991937968,-0.35862908523366466,0.0016640297470826848
G_00130,0.24944804278645905,0.05529450214304491,391,-0.5320738099136462,0.7693032601346577,0.49397772338952706,0.25063749096802423
G_00131,0.2807701666463666,0.06666082349849999,406,0.016084294423477807,0.261627973687087,-0.8134150927697212,0.9529301373601565
G_00132,0.263123007168612,0.08852347193870896,83,-0.30680549377039634,0.041696944683493053,0.4150689602448183,0.09081943314454011
G_00133,0.5148295955468796,0.08864082271306216,35,-0.6815280206839729,0.7768371742012462,0.7016112173769724,0.6790885042300436
G_00134,0.05118932425034865,0.05380187986752255,116,-0.26031716282559536,0.42780235071664274,-0.3066013657075555,0.10221473046341678
G_00135,0.3633010411411317,0.0746174961675924,387,-0.44022725258065076,0.7184791827215025,-0.8351506454669266,0.58214848739623
G_00136,0.4643879091322438,0.08140530541699592,198,0.5625691755855162,0.2756704804541944,0.8118793065737353,0.43085954464111553
G_00137,0.11203014098254475,0.09802379697778328,392,0.478145076425907,0.9937732190242524,-0.7963907739955698,0.44055716438256753
G_00138,0.5588975148452519,0.06313419715616718,480,0.5827611328451494,0.4341063509144949,0.7898350656506596,0.4856896549758304
G_00139,0.590202737230617,0.009209363355718059,220,0.012729842901329391,0.30815310384707184,-0.7173949475968775,0.2123720602838195
G_00140,0.5983730660739864,0.028433675298332406,346,0.7126450648594747,0.03771837050415583,-0.6774120021116419,0.06225287038658811
G_00141,0.07202585584689725,0.07446123897802503,185,-0.9724439525781354,0.02231084612770684,-0.0993628964781581,0.06431261672615651
G_00142,0.11413350848452852,0.02817785921569678,484,-0.9195883562585419,0.5739896919710322,-0.6372469251693043,0.6553813080631063
G_00143,0.3306206213924862,0.07046268794590897,47,0.5525071489880502,0.5932887472881782,0.8650600522584031,0.049062262178576566
G_00144,0.3437526578090853,0.05611082091916745,314,-0.003175960418734247,0.024371902194185946,-0.7184980808278314,0.22403653591498485
G_00145,0.5391445235690435,0.04966027206144387,302,0.03627757586248759,0.557041124585682,-0.09909609894895044,0.9525799286437636
G_00146,0.5356162573947727,0.09461913526191451,389,0.276187498032924,0.8695063856631038,0.552950532447875,0.8988005976221604
G_00147,0.011879373710285667,0.01726206914999381,301,-0.5480707952698607,0.6075222537445739,-0.14763267917711276,0.5700671206546638
G_00148,0.19620323827940853,0.0013810689278666245,310,0.7428804481689928,0.2446298068361139,-0.3538830244807736,0.509351240509161
G_00149,0.5219775520717951,0.027131450450948915,214,-0.490526159288841,0.025030467889155195,-0.7270273185271445,0.8894108372149392
G_00150,0.22659874701945015,0.05865191052196548,330,0.13225150650273898,0.9537557654745298,-0.9168082480220308,0.6651614472909744
G_00151,0.07972608559120598,0.014491361415818716,302,0.5139977118958341,0.45906550359462084,0.6922098029322477,0.4355339899326285
G_00152,0.39887507264239175,0.01497780360266664,279,0.4454175522025723,0.677885845830007,-0.3427513265090967,0.6560594897668601
G_00153,0.07167428575625918,0.006715001963879086,76,0.903889350558662,0.5841227480567572,0.5977333325490259,0.04593536452721081
G_00154,0.059357761436552046,0.06098050801281231,136,0.08816364110516339,0.13375066274847913,0.8364465609367884,0.02163912604092455
G_00155,0.18395486938556901,0.08279724577088957,109,0.20483883638085132,0.5009540841123171,-0.1335969643243835,0.3282220121482159
G_00156,0.1984087249230684,0.09721094272186373,143,0.8086817507521411,0.2840350448422976,0.10722805535858537,0.03155813241914884
G_00157,0.41227712978589903,0.03273346066237146,198,-0.7531411679669122,0.828918816760977,0.731069905738081,0.789487238071675
G_00158,0.42962253863741207,0.06180169926845805,483,-0.5519536772347682,0.7369296371133928,0.6133241334651713,0.6230050788722452
G_00159,0.2300113939215698,0.06860393748575808,237,0.2465019567595368,0.6239008021635961,0.9162630219650443,0.41624298798122583
G_00160,0.3297362980680296,0.07550932066689241,308,0.6391389101448415,0.8010533271466648,0.40090005959242947,0.8018368900185834
G_00161,0.3152884840214675,0.022663746245421768,239,0.7844545363116733,0.9481306017730948,0.627465758659925,0.4071542616377969
G_00162,0.30380793092702973,0.019508256595525776,468,0.883175808105358,0.19091397801314436,-0.6098160492697005,0.3272990975404799
G_00163,0.045251782683500164,0.002013092119272475,433,0.7049417344771138,0.7270168755158154,-0.24433982216115124,0.029277315685261707
G_00164,0.5879487675202266,0.054327155989825286,499,-0.335605719299491,0.7599693758819275,0.8637935103320618,0.18857006200417215
G_00165,0.18315791511433777,0.07928763052166549,157,0.07695110925466953,0.5626029653447494,-0.02898045839613994,0.3782998328255859
G_00166,0.501271526588082,0.011576261967022683,282,0.43740410177182576,0.08708089624017767,0.6106988208087698,0.6709416357118979
G_00167,0.4080295519635124,0.057855845995176305,55,0.7589092541119398,0.1508258645326861,-0.8831815566827466,0.6653269881840034
G_00168,0.36773296558760266,0.014089969413364168,389,-0.8967529179728388,0.5782825617842023,0.7614185385923411,0.7412093876514625
G_00169,0.23714252552005027,0.05395913567806864,240,-0.6659822755388016,0.6472086507540512,0.9174848209990427,0.506447938059589
G_00170,0.22318461312157006,0.055469803319458534,227,-0.45446632799714215,0.42877584140074243,-0.0934858556615743,0.4270576904932183
G_00171,0.3579932532287679,0.08657867483870293,489,0.2671480331254752,0.8374774860420829,-0.6920754092775523,0.1057154727587084
G_00172,0.4639961569863001,0.009635201148123863,259,0.83389891056489,0.41506284374247826,0.7764810446412018,0.12065437531297607
G_00173,0.22341184964668218,0.05675648771683686,288,0.6642009588721061,0.6729251835064768,-0.0002885304105946229,0.316973581687794
G_00174,0.364784929358267,0.03758304894945511,177,0.9427715524855034,0.5202238449637728,0.7100411362108006,0.7277990029471132
G_00175,0.4154051599526311,0.07705585771181686,329,-0.628929767871649,0.37311158481505435,0.4567177080444169,0.10902162708679264
G_00176,0.4891400199918229,0.09104389917153607,359,-0.3844559694577163,0.7976751771317048,0.38679273747740006,0.7461801129495397
G_00177,0.4817379677041569,0.05128778060528138,378,-0.5474897118391437,0.7041652406697407,-0.7630822830696873,0.3668667132139861
G_00178,0.5873265633016013,0.023595009994816687,464,-0.5748153714136257,0.7357899715736753,0.36295309632933215,0.10139430446528175
G_00179,0.11355154708367499,0.09718144210653445,475,0.5215401177528063,0.2864355723178361,0.9846723391545718,0.5134657357890904
G_00180,0.5578514263198993,0.08293181671035851,421,0.9048245273206723,0.5431794786912176,-0.27289849367560115,0.07209656294171907
G_00181,0.3964727364695802,0.02314688574001519,334,0.9415362152133533,0.8698812278795728,-0.7082144141928621,0.45912537790935193
G_00182,0.004507224266175313,0.05052702710354101,335,-0.5532669674722359,0.801525264266331,-0.3876516438684079,0.9748274276389443
G_00183,0.29310340027150467,0.04251673576699985,294,-0.5933087868694868,0.49661224495061285,0.560268156243692,0.1545210859153897
G_00184,0.2473987415383092,0.031144758053238342,416,0.1650228804920002,0.29527919136290326,-0.7672949769696102,0.31967247601917836
G_00185,0.25146965699856866,0.08737353200411956,280,0.08167390292018828,0.725067777185157,-0.7057580483114871,0.9967950687967302
G_00186,0.44542734389212973,0.09017510785463807,470,0.9061541428198099,0.02637357375543692,0.45588312427279964,0.15028932847261678
G_00187,0.08478456481038134,0.06990246407320314,484,0.35146189601016764,0.5386519720698525,-0.9736453663583573,0.6601492102461501
G_00188,0.5706062905917616,0.025922778739875852,48,-0.8413085682737531,0.4287942830645034,-0.6251423249974666,0.413691906657096
G_00189,0.08646240711972628,0.04345150963961345,368,-0.3798306624463914,0.7366619997207723,-0.3996485595378374,0.8257208046511443
G_00190,0.5387220819752062,0.023076895198711225,177,0.10646235234867918,0.5978264518133645,0.5715707473042779,0.8104216415657783
G_00191,0.06216984531449081,0.08544443681508931,409,0.6318803712301098,0.49673103217871895,0.06474183994465998,0.011149189479047528
G_00192,0.5507731168541756,0.06567048855031071,249,-0.07466703349341564,0.6272139556958298,0.48752490496332523,0.48418449122963436
G_00193,0.0714779952304269,0.07202373052008289,104,0.761733772371401,0.9253961809423068,0.689349126642687,0.7375505184465855
G_00194,0.40675138493159396,0.06267768133209803,22,-0.66633428753884,0.869758377967248,-0.6430989152159001,0.9896737258525389
G_00195,0.47751951394837666,0.02658119277255542,298,-0.6577630634054532,0.22510395841464392,0.9762056288566787,0.4265465812031535
G_00196,0.19596177618368027,0.010165168937113167,72,0.7310467840307697,0.01034501351386452,-0.9603961404589338,0.23275815968539404
G_00197,0.5926593673904108,0.06760578677963554,118,0.05268907341660389,0.8482149894539898,0.5944360619511739,0.9123566232931387
G_00198,0.5287105199823591,0.046884571759420304,165,-0.19483791150083563,0.7682411765206588,0.749498965171802,0.16553622074045848
G_00199,0.2821586490429568,0.008577532124853238,258,0.3739903385961296,0.15563332381705142,-0.20951665399654362,0.09808758016960295
G_00200,0.5203957025096144,0.08945525213881972,203,-0.33634982591439866,0.3339966835666357,0.28409760451873955,0.3240844123062764
G_00201,0.3406433121452508,0.01349355319407064,334,0.4991561099288828,0.6124951921507256,-0.2801607405863684,0.2630459867525359
G_00202,0.5909164816354799,0.027648962261952417,214,-0.8007651991408933,0.0283246914960259,-0.9843831800900382,0.5932079379986975
G_00203,0.5481848109467463,0.043377198595454185,254,0.6797633532002365,0.30315746455076875,0.43657764127190957,0.5299920604380469
G_00204,0.4337829822680337,0.06859271653905015,296,0.10453882464639874,0.504772018064709,-0.94528003485904,0.5064803298411787
G_00205,0.2654532370497555,0.09803371970974384,322,0.26381128596412373,0.22994912774374143,0.03224479999194507,0.7521709776714667
G_00206,0.27909944332567976,0.0440598091481904,341,-0.4946380042380396,0.1365263120651472,0.2834723322441417,0.02462917562793887
G_00207,0.008436544500240738,0.08858346668475486,270,0.032200262872092544,0.5396918912182668,0.43343505598636556,0.3731054562278139
G_00208,0.5313421320095943,0.008112960848217032,428,0.00469895702382872,0.5316395890077295,0.8520330157910958,0.7176413316020758
G_00209,0.5084445148545608,0.09887124817544674,89,-0.9787596018550861,0.07053424429042832,-0.06423417966533873,0.5377681687529413
G_00210,0.36997364090033524,0.0038176833660211852,294,-0.7823881461069788,0.8981682718155227,-0.14533762170976017,0.27089245829128905
G_00211,0.2971660809416093,0.062241076327826786,311,-0.3245466060212012,0.050847683255320075,0.18529313870205555,0.09532811008154063
G_00212,0.16751876604786353,0.06878749695875584,453,-0.24136510738443917,0.1908157577113866,-0.9828693127077384,0.9568201069101137
G_00213,0.4747044860007586,0.02834973172301615,163,0.9013921318085603,0.1674447278987785,-0.7764190252042402,0.9941062842595286
G_00214,0.39448473313905386,0.060577407153191626,417,0.9656087869872669,0.32079522461140253,0.6317606027810649,0.17299137862624225
G_00215,0.16675168703139054,0.004351129653061825,230,-0.38419739530127983,0.32903388903055897,0.4062490195750319,0.74195872266297
G_00216,0.5540616404059244,0.09384103929104105,247,-0.1979557831814096,0.4415014120873374,-0.17553590519975049,0.919609201478409
G_00217,0.31041204724444293,0.07913628183409858,334,-0.04087787414001132,0.20491573963585552,0.44128302563308797,0.5088198999328643
G_00218,0.22544793400155502,0.05501797176264798,362,0.9444353395042306,0.7224177070278324,0.526802753987067,0.7211289915575165
G_00219,0.38242649753378133,0.09946326746540754,107,-0.28098850365171923,0.4385256522053702,0.028238195624605167,0.2205592234866034
G_00220,0.5302414047254557,0.033625681200721215,127,0.7380458227738209,0.6885176853874893,-0.38593284961400376,0.5880124258184571
G_00221,0.4725426314700355,0.027686150178038684,387,-0.37053865556123133,0.7860201822402106,0.0077265387774458905,0.5601571699662142
G_00222,0.3925330461262225,0.04228059749900629,289,0.5284940534871891,0.9799493167670904,0.3718065643707058,0.4128922957648692
G_00223,0.3226561315637167,0.07450160785504771,413,-0.42047587775686,0.861769084753762,-0.699360623437119,0.8517101923497759
G_00224,0.23614314083714932,0.018218821480684023,488,0.06508691610642581,0.8902992800983681,0.2340669475250261,0.9067336376169192
G_00225,0.3001519013355869,0.008517185663577188,462,0.46114168473449113,0.8740660256410445,0.9256678593819798,0.602535293197202
G_00226,0.3640996701473373,0.054674486194188035,146,-0.3393841599388796,0.48917767059402517,-0.7995716513125071,0.06456579173296217
G_00227,0.41497243856533716,0.07574587283638808,290,-0.16888765870932732,0.2043435694287532,0.5631568652345371,0.5832749394378871
G_00228,0.5361648386618795,0.06799229470631783,465,0.1252949809512045,0.9136623451278659,0.8466205614204219,0.3277024025591907
G_00229,0.14585674803356138,0.0717911970289469,396,-0.671894111918987,0.8900191061765873,0.7417212897994501,0.9330184739051587
G_00230,0.1620859406600121,0.02958053148860026,466,-0.7315342796941584,0.4890925770737925,0.37859478694207316,0.9605747236318896
G_00231,0.28210883597758896,0.06474581258673687,455,-0.1384868619900419,0.7801486219545117,-0.8525501238123303,0.6323275903586962
G_00232,0.12213205870828245,0.04665831470865309,71,0.06504830013737561,0.11463788835795452,0.508621711763644,0.4571562390087003
G_00233,0.0024583443444954997,0.06904404474823134,327,-0.06459365610773893,0.009948303193728192,0.8888124489106235,0.4025153265633228
G_00234,0.17709176205543617,0.07271334832450634,221,0.6884184320552256,0.878703094918489,-0.9652501942948248,0.3282661805097101
G_00235,0.21919319484474467,0.02476841587847536,278,-0.45071957949065244,0.1389635005883182,-0.1190846683392146,0.9869335356349912
G_00236,0.5239522920654376,0.06332019414473279,311,-0.20415897194322974,0.17433943440192312,-0.08009227111952288,0.031853579111407515
G_00237,0.026306984113004493,0.07480790851628956,341,-0.579607376258201,0.7081173237726585,0.11502912221671968,0.5968517567805404
G_00238,0.15433247869085767,0.09241355469016371,53,-0.5709719980972354,0.9278725614208209,0.928354366354597,0.1360864922066275
G_00239,0.31097225964288594,0.03892353936975621,285,0.5657948930190237,0.8837249088481008,0.17076734119115566,0.7707070812831393
G_00240,0.07555229170480386,0.04778269850052888,373,-0.8616887793872265,0.08295244284423098,-0.05594928908511232,0.19282171155612327
G_00241,0.056588161155345346,0.059749844033850134,38,-0.664576807258503,0.21028337790803941,-0.7144310977881603,0.6444185474588264
G_00242,0.5898765512835383,0.06275719523824486,476,0.9188496860055575,0.6765391175701068,-0.14870427679973486,0.14109221769723657
G_00243,0.41098381445834936,0.011662799718680018,196,0.6535111047337381,0.5273166674893166,0.7797300743844793,0.4989863775569664
G_00244,0.4489165923567768,0.07029064030212616,335,0.8636181261872296,0.5705279224801253,-0.5948964359990809,0.9953678884165741
G_00245,0.5005689917990654,0.060949393900533014,149,0.11176475376341855,0.565032775644068,0.8164175354773056,0.438424852535624
G_00246,0.5674073874198353,0.08492181140017413,376,-0.7334172870929674,0.16348631369894662,-0.9701711055219675,0.12547706625060084
G_00247,0.0034063431149778277,0.015104843544446656,326,0.7639305025696461,0.6719717229350634,-0.10859940376304134,0.23357209449235627
G_00248,0.06307676578957223,0.06398735388162513,158,-0.046789997378231085,0.10454622589605211,-0.6158467137345975,0.38755300090777056
G_00249,0.46259224694495726,0.05894723033166558,48,-0.9222764508632639,0.550362289569471,-0.3056544589846193,0.5537757039709812
G_00250,0.46088993293568453,0.08581160691060485,183,-0.25982101096946963,0.07574702566108427,-0.9794862148184231,0.1736225229635413
G_00251,0.24284277750024796,0.03571347798653131,74,-0.051805539736506034,0.18389547391467742,-0.5208027316660746,0.3068013716579976
G_00252,0.47020398465316426,0.010608951409821266,295,0.3626725554103938,0.23180729057990979,-0.4746198246928601,0.03816897839854139
G_00253,0.04453685786477122,0.09622102980753292,377,-0.8033008885503097,0.05265634329251989,-0.1333552644878615,0.6970009516155463
G_00254,0.2169023650811714,0.004029701749179104,463,0.2830069765351364,0.22114955159701577,-0.697498114503962,0.09968965739467639
G_00255,0.22957678453207708,0.05255607134679006,295,0.34723890548475356,0.37412165024550315,-0.5724992048447741,0.7579376570695097
G_00256,0.14129179715170215,0.06571599558708667,27,-0.6951367328468716,0.5341800560732397,-0.5323928134081672,0.4584231038168647
G_00257,0.013161693997658696,0.03466179828641065,343,0.44136477745054403,0.6319349956536454,-0.5355785485332607,0.28249946638687873
G_00258,0.247740024902607,0.09578003169598841,60,-0.6420648559551745,0.920424062856727,-0.6819546847280717,0.8914571124227235
G_00259,0.2785809105250402,0.09889350238232177,131,0.2911764652864304,0.920175252687365,0.020685168201927784,0.3763656707224915
G_00260,0.13809180635640264,0.025579147825724537,457,0.7357623732760068,0.01491398839539304,0.9607031986690757,0.7365010077763818
G_00261,0.048823146691010046,0.02589964327040526,259,0.8354239468334945,0.5812395716937938,-0.10782326561978128,0.8710057390595629
G_00262,0.13004746210237633,0.09048929600513834,145,-0.813392236087515,0.5800636507463212,0.45108869107195293,0.7973682886150957
G_00263,0.0003425544284066273,0.089165396161393,294,-0.40152783252087887,0.4925262522239783,0.9427305376871387,0.21782605027805768
G_00264,0.05831617925507679,0.004028628462057748,319,0.9704316000665101,0.5735350723973154,-0.017136295796634116,0.40131590769324477
G_00265,0.03773724889532637,0.07008920601325416,397,0.9023799538448583,0.025113260424781014,0.8121091591764349,0.2295125429849696
G_00266,0.0377378033673895,0.04037285420092021,175,-0.8796078442910384,0.8656900633255731,-0.471848809818197,0.8687239019711899
G_00267,0.2890969864035835,0.036394617698283685,377,-0.44589312409038273,0.8789439289309957,-0.2640292541824325,0.8684692958106762
G_00268,0.11030636032232945,0.03954321187455811,347,-0.9374274238657903,0.5386855430588461,-0.3685812772510191,0.7069649716691859
G_00269,0.050667034544106634,0.06348480342462896,85,-0.2084466753081191,0.36785561756574847,-0.8144927755816675,0.4306969737512496
G_00270,0.10186840004110839,0.07542533411743162,246,0.14622610644255074,0.9807022549373112,0.5314549302108778,0.5615136921159464
G_00271,0.20396088905743698,0.0657744555203843,151,-0.19867176467445646,0.8119358796774757,0.09616717706521394,0.8434033591792578
G_00272,0.45597707863617143,0.08145340790573119,267,0.9260968137567087,0.18583035148045102,0.11186171282434754,0.13636475287450633
G_00273,0.45966040204495673,0.06601948892738449,483,0.96688641296488,0.3034758088303444,0.6958320046069046,0.10122653833506357
G_00274,0.04760298609430171,0.08307864010621963,231,-0.1698430153090511,0.4154766665104398,-0.848218716933445,0.2484454316593021
G_00275,0.031188640000042844,0.011376639310878824,467,0.9336524100850345,0.4279228194431698,-0.40995790473001015,0.03642671922358165
G_00276,0.1023240247027496,0.07439734736947407,156,-0.2301551480223305,0.3463575695959399,0.35694118598889846,0.36930254316846634
G_00277,0.34865580381275063,0.07473362651283727,473,-0.9115705574418329,0.032372917751388286,-0.7251747334539993,0.7779385743851235
G_00278,0.045934057574273046,0.019688781188609207,390,-0.5692656813377708,0.9976447047630621,0.8763949358907099,0.4743403834918095
G_00279,0.3397528042704224,0.053296111150284875,21,0.7795523747327859,0.07072017408004405,-0.4376759114744655,0.9165656901869929
G_00280,0.5151299215398433,0.05126792016743852,115,0.02846902336403656,0.22853781305954968,0.20426586438676853,0.6999966314471874
G_00281,0.21006486060581028,0.09131273322665555,44,0.021512273988575803,0.05296759806594753,0.5296635268985392,0.19181934096871556
G_00282,0.4435038933748194,0.04832314141703684,259,-0.9867839926457314,0.20506086342981855,-0.19970699773527945,0.2772926570169515
G_00283,0.38888795188219866,0.07440258209317757,353,0.4871062390631433,0.9857717686808546,0.9983773811388641,0.7889945924412632
G_00284,0.17652848554750913,0.07553952827426913,402,0.30080785398252563,0.04803902404126936,-0.6273076339349763,0.8717582136666567
G_00285,0.3467665555947473,0.0261259638729317,458,-0.09015978718949991,0.49419345011908544,0.7795584739632193,0.0004863714021533516
G_00286,0.5907428101914401,0.06648958368811646,436,0.5353729962203151,0.15256748360329087,-0.755880170006489,0.10308244791425247
G_00287,0.5745745504056152,0.004316088775401195,53,0.3881248441600118,0.20786259054595768,0.9452054416124962,0.7911200843927705
G_00288,0.3379492563188788,0.034718450968486074,365,0.3306899525106688,0.5211136983814098,0.9416831772644376,0.1088238146407069
G_00289,0.5171011100809785,0.028763715102633203,402,0.9756517329676622,0.39119887032908074,-0.3760373191271391,0.7530954205011279
G_00290,0.08919068064666953,0.08690959721790022,320,-0.061425719724720995,0.044146839486217004,0.2776884581379522,0.38474850106915837
G_00291,0.4641946592312898,0.09396762076716075,427,0.2368271242069948,0.9776972227557817,-0.005599499485771542,0.2460938794634614
G_00292,0.02230987560345161,0.05976145096400314,61,-0.16366594757913377,0.6922643657936474,-0.5195944588088643,0.3877399198104504
G_00293,0.06669727131780645,0.08205069488529917,315,0.9883373796563135,0.3268009479409246,0.08772572018090363,0.40139626922378313
G_00294,0.27015841278940345,0.02849900940664111,193,0.22602396157474547,0.9951111662954948,0.04164699285643536,0.5978694879287272
G_00295,0.5846662348658099,0.03721442235094592,78,0.1887555262707521,0.4530223715018328,0.38369959906131745,0.8162701182793519
G_00296,0.20454191935059118,0.09164648066714946,296,-0.3754480356812906,0.6603832347702193,0.15483955813785366,0.7531389399931664
G_00297,0.46221131628257794,0.07166398908092197,67,-0.8988156241752974,0.49725492463101617,-0.2969813095165097,0.3859110975785708
G_00298,0.4181491380316548,0.06269058135555798,256,-0.5098555697106579,0.1360364349412414,0.25586938126373493,0.8144027871514197
G_00299,0.01616712251010206,0.017819998309304277,483,-0.5385565358777848,0.31973086174041976,-0.8737321556201549,0.21647674822955731
